{
    "journalDetails":[
        {
            "date":"22-12-2022",
            "transaction":"James Butt"
        },
        {
            "date":"22-12-2022",
            "transaction":"James Butt"
        },
        {
            "date":"22-12-2022",
            "transaction":"James Butt"
        },
        {
            "date":"22-12-2022",
            "transaction":"James Butt"
        },
        {
            "date":"22-12-2022",
            "transaction":"James Butt"
        },
        {
            "date":"22-12-2022",
            "transaction":"James Butt"
        }
    ]
}